<?xml version="1.0"?>

<ruleset name="Code Size"
    xmlns="http://pmd.sourceforge.net/ruleset/2.0.0"
    xmlns:xsi="http://www.w3.org/2001/XMLSchema-instance"
    xsi:schemaLocation="http://pmd.sourceforge.net/ruleset/2.0.0 https://pmd.sourceforge.io/ruleset_2_0_0.xsd">

  <description>
The Code Size ruleset contains rules that find problems related to code size or complexity.
  </description>

    <!-- Rules, that have been moved into a category -->
    <rule ref="category/java/design.xml/CyclomaticComplexity" deprecated="true" />
    <rule ref="category/java/design.xml/ExcessiveClassLength" deprecated="true" />
    <rule ref="category/java/design.xml/ExcessiveMethodLength" deprecated="true" />
    <rule ref="category/java/design.xml/ExcessiveParameterList" deprecated="true" />
    <rule ref="category/java/design.xml/ExcessivePublicCount" deprecated="true" />
    <rule ref="category/java/design.xml/ModifiedCyclomaticComplexity" deprecated="true" />
    <rule ref="category/java/design.xml/NcssConstructorCount" deprecated="true" />
    <rule ref="category/java/design.xml/NcssCount" deprecated="true" />
    <rule ref="category/java/design.xml/NcssMethodCount" deprecated="true" />
    <rule ref="category/java/design.xml/NcssTypeCount" deprecated="true" />
    <rule ref="category/java/design.xml/NPathComplexity" deprecated="true" />
    <rule ref="category/java/design.xml/StdCyclomaticComplexity" deprecated="true" />
    <rule ref="category/java/design.xml/TooManyFields" deprecated="true" />
    <rule ref="category/java/design.xml/TooManyMethods" deprecated="true" />

</ruleset>