<?xml version="1.0"?>

<ruleset name="Import Statements"
    xmlns="http://pmd.sourceforge.net/ruleset/2.0.0"
    xmlns:xsi="http://www.w3.org/2001/XMLSchema-instance"
    xsi:schemaLocation="http://pmd.sourceforge.net/ruleset/2.0.0 https://pmd.sourceforge.io/ruleset_2_0_0.xsd">

  <description>
These rules deal with different problems that can occur with import statements.
  </description>

    <!-- Rules, that have been moved into a category -->
    <rule ref="category/java/bestpractices.xml/UnusedImports" deprecated="true" />

    <rule ref="category/java/errorprone.xml/ImportFromSamePackage" deprecated="true" />

    <rule ref="category/java/codestyle.xml/DontImportJavaLang" deprecated="true" />
    <rule ref="category/java/codestyle.xml/DuplicateImports" deprecated="true" />
    <rule ref="category/java/codestyle.xml/TooManyStaticImports" deprecated="true" />
    <rule ref="category/java/codestyle.xml/UnnecessaryFullyQualifiedName" deprecated="true" />
</ruleset>
